{"cameraMode":{"drawMode":0,"name":"Shaded","section":"Shading Mode"},"sceneLighting":false,"audioPlay":false,"sceneViewState":{"showFog":true,"showMaterialUpdate":false,"showSkybox":false,"showFlares":true,"showImageEffects":true,"showParticleSystems":true},"in2DMode":false,"pivot":{"x":8.442631721496582,"y":13.706367492675782,"z":6.106695175170898},"rotation":{"x":-0.020782126113772394,"y":0.8949839472770691,"z":-0.04192422702908516,"w":-0.44364023208618166},"size":13.07065486907959,"orthographic":false}